[
  {
    "model": "admin.logentry",
    "pk": 1,
    "fields": {
      "action_time": "2023-05-18T06:44:50.918Z",
      "user": 1,
      "content_type": 8,
      "object_id": "1",
      "object_repr": "Sport",
      "action_flag": 1,
      "change_message": "[{\"added\": {}}]"
    }
  },
  {
    "model": "admin.logentry",
    "pk": 2,
    "fields": {
      "action_time": "2023-05-18T06:44:55.165Z",
      "user": 1,
      "content_type": 8,
      "object_id": "2",
      "object_repr": "Electronics",
      "action_flag": 1,
      "change_message": "[{\"added\": {}}]"
    }
  },
  {
    "model": "admin.logentry",
    "pk": 3,
    "fields": {
      "action_time": "2023-05-18T06:44:58.056Z",
      "user": 1,
      "content_type": 8,
      "object_id": "3",
      "object_repr": "Food",
      "action_flag": 1,
      "change_message": "[{\"added\": {}}]"
    }
  },
  {
    "model": "admin.logentry",
    "pk": 4,
    "fields": {
      "action_time": "2023-05-18T06:45:36.868Z",
      "user": 1,
      "content_type": 9,
      "object_id": "1",
      "object_repr": "Notebook",
      "action_flag": 1,
      "change_message": "[{\"added\": {}}]"
    }
  },
  {
    "model": "admin.logentry",
    "pk": 5,
    "fields": {
      "action_time": "2023-05-18T06:46:12.041Z",
      "user": 1,
      "content_type": 9,
      "object_id": "2",
      "object_repr": "Boxing gloves",
      "action_flag": 1,
      "change_message": "[{\"added\": {}}]"
    }
  },
  {
    "model": "admin.logentry",
    "pk": 6,
    "fields": {
      "action_time": "2023-05-18T06:46:42.912Z",
      "user": 1,
      "content_type": 9,
      "object_id": "3",
      "object_repr": "Potato",
      "action_flag": 1,
      "change_message": "[{\"added\": {}}]"
    }
  },
  {
    "model": "admin.logentry",
    "pk": 7,
    "fields": {
      "action_time": "2023-05-18T06:46:59.513Z",
      "user": 1,
      "content_type": 10,
      "object_id": "1",
      "object_repr": "admin@admin.com",
      "action_flag": 2,
      "change_message": "[{\"changed\": {\"fields\": [\"Type\"]}}]"
    }
  },
  {
    "model": "admin.logentry",
    "pk": 8,
    "fields": {
      "action_time": "2023-05-18T06:47:14.137Z",
      "user": 1,
      "content_type": 13,
      "object_id": "1",
      "object_repr": "EmailDistribution object (1)",
      "action_flag": 1,
      "change_message": "[{\"added\": {}}]"
    }
  },
  {
    "model": "admin.logentry",
    "pk": 9,
    "fields": {
      "action_time": "2023-05-18T06:48:14.378Z",
      "user": 1,
      "content_type": 16,
      "object_id": "2",
      "object_repr": "Review Best potato in my life for Potato by admin@admin.com",
      "action_flag": 1,
      "change_message": "[{\"added\": {}}]"
    }
  },
  {
    "model": "admin.logentry",
    "pk": 10,
    "fields": {
      "action_time": "2023-05-18T11:26:40.206Z",
      "user": 1,
      "content_type": 10,
      "object_id": "2",
      "object_repr": "user@test.com",
      "action_flag": 1,
      "change_message": "[{\"added\": {}}]"
    }
  },
  {
    "model": "admin.logentry",
    "pk": 11,
    "fields": {
      "action_time": "2023-05-18T11:28:12.861Z",
      "user": 1,
      "content_type": 8,
      "object_id": "4",
      "object_repr": "Smartphones and tablets",
      "action_flag": 1,
      "change_message": "[{\"added\": {}}]"
    }
  },
  {
    "model": "admin.logentry",
    "pk": 12,
    "fields": {
      "action_time": "2023-05-18T11:28:17.233Z",
      "user": 1,
      "content_type": 8,
      "object_id": "5",
      "object_repr": "Computers and laptops",
      "action_flag": 1,
      "change_message": "[{\"added\": {}}]"
    }
  },
  {
    "model": "admin.logentry",
    "pk": 13,
    "fields": {
      "action_time": "2023-05-18T11:28:20.888Z",
      "user": 1,
      "content_type": 8,
      "object_id": "6",
      "object_repr": "TVs and audio-video equipment",
      "action_flag": 1,
      "change_message": "[{\"added\": {}}]"
    }
  },
  {
    "model": "admin.logentry",
    "pk": 14,
    "fields": {
      "action_time": "2023-05-18T11:28:24.638Z",
      "user": 1,
      "content_type": 8,
      "object_id": "7",
      "object_repr": "Cameras and camcorders",
      "action_flag": 1,
      "change_message": "[{\"added\": {}}]"
    }
  },
  {
    "model": "admin.logentry",
    "pk": 15,
    "fields": {
      "action_time": "2023-05-18T11:28:28.559Z",
      "user": 1,
      "content_type": 8,
      "object_id": "8",
      "object_repr": "Gadgets and accessories",
      "action_flag": 1,
      "change_message": "[{\"added\": {}}]"
    }
  },
  {
    "model": "admin.logentry",
    "pk": 16,
    "fields": {
      "action_time": "2023-05-18T11:28:35.339Z",
      "user": 1,
      "content_type": 8,
      "object_id": "9",
      "object_repr": "Refrigerators and freezers",
      "action_flag": 1,
      "change_message": "[{\"added\": {}}]"
    }
  },
  {
    "model": "admin.logentry",
    "pk": 17,
    "fields": {
      "action_time": "2023-05-18T11:28:39.962Z",
      "user": 1,
      "content_type": 8,
      "object_id": "10",
      "object_repr": "Washing machines and dryers",
      "action_flag": 1,
      "change_message": "[{\"added\": {}}]"
    }
  },
  {
    "model": "admin.logentry",
    "pk": 18,
    "fields": {
      "action_time": "2023-05-18T11:28:47.971Z",
      "user": 1,
      "content_type": 8,
      "object_id": "11",
      "object_repr": "Kitchen appliances",
      "action_flag": 1,
      "change_message": "[{\"added\": {}}]"
    }
  },
  {
    "model": "admin.logentry",
    "pk": 19,
    "fields": {
      "action_time": "2023-05-18T11:28:51.522Z",
      "user": 1,
      "content_type": 8,
      "object_id": "12",
      "object_repr": "Climate control equipment",
      "action_flag": 1,
      "change_message": "[{\"added\": {}}]"
    }
  },
  {
    "model": "admin.logentry",
    "pk": 20,
    "fields": {
      "action_time": "2023-05-18T11:28:56.697Z",
      "user": 1,
      "content_type": 8,
      "object_id": "13",
      "object_repr": "Furniture for home and office",
      "action_flag": 1,
      "change_message": "[{\"added\": {}}]"
    }
  },
  {
    "model": "admin.logentry",
    "pk": 21,
    "fields": {
      "action_time": "2023-05-18T11:29:01.067Z",
      "user": 1,
      "content_type": 8,
      "object_id": "14",
      "object_repr": "Decor and lighting",
      "action_flag": 1,
      "change_message": "[{\"added\": {}}]"
    }
  },
  {
    "model": "admin.logentry",
    "pk": 22,
    "fields": {
      "action_time": "2023-05-18T11:29:03.829Z",
      "user": 1,
      "content_type": 8,
      "object_id": "15",
      "object_repr": "Outdoor furniture and accessories",
      "action_flag": 1,
      "change_message": "[{\"added\": {}}]"
    }
  },
  {
    "model": "admin.logentry",
    "pk": 23,
    "fields": {
      "action_time": "2023-05-18T11:29:07.565Z",
      "user": 1,
      "content_type": 8,
      "object_id": "16",
      "object_repr": "Tools and equipment",
      "action_flag": 1,
      "change_message": "[{\"added\": {}}]"
    }
  },
  {
    "model": "admin.logentry",
    "pk": 24,
    "fields": {
      "action_time": "2023-05-18T11:29:11.639Z",
      "user": 1,
      "content_type": 8,
      "object_id": "17",
      "object_repr": "Cosmetics and skincare products",
      "action_flag": 1,
      "change_message": "[{\"added\": {}}]"
    }
  },
  {
    "model": "admin.logentry",
    "pk": 25,
    "fields": {
      "action_time": "2023-05-18T11:29:15.395Z",
      "user": 1,
      "content_type": 8,
      "object_id": "18",
      "object_repr": "Perfumes and aromatherapy",
      "action_flag": 1,
      "change_message": "[{\"added\": {}}]"
    }
  },
  {
    "model": "admin.logentry",
    "pk": 26,
    "fields": {
      "action_time": "2023-05-18T11:29:18.434Z",
      "user": 1,
      "content_type": 8,
      "object_id": "19",
      "object_repr": "Certified medical products",
      "action_flag": 1,
      "change_message": "[{\"added\": {}}]"
    }
  },
  {
    "model": "admin.logentry",
    "pk": 27,
    "fields": {
      "action_time": "2023-05-18T11:29:22.035Z",
      "user": 1,
      "content_type": 8,
      "object_id": "20",
      "object_repr": "Fitness and sports equipment",
      "action_flag": 1,
      "change_message": "[{\"added\": {}}]"
    }
  },
  {
    "model": "admin.logentry",
    "pk": 28,
    "fields": {
      "action_time": "2023-05-18T11:29:24.732Z",
      "user": 1,
      "content_type": 8,
      "object_id": "21",
      "object_repr": "Men's and women's clothing",
      "action_flag": 1,
      "change_message": "[{\"added\": {}}]"
    }
  },
  {
    "model": "admin.logentry",
    "pk": 29,
    "fields": {
      "action_time": "2023-05-18T11:29:27.515Z",
      "user": 1,
      "content_type": 8,
      "object_id": "22",
      "object_repr": "Footwear and accessories",
      "action_flag": 1,
      "change_message": "[{\"added\": {}}]"
    }
  },
  {
    "model": "admin.logentry",
    "pk": 30,
    "fields": {
      "action_time": "2023-05-18T11:29:30.457Z",
      "user": 1,
      "content_type": 8,
      "object_id": "23",
      "object_repr": "Sports clothing and footwear",
      "action_flag": 1,
      "change_message": "[{\"added\": {}}]"
    }
  },
  {
    "model": "admin.logentry",
    "pk": 31,
    "fields": {
      "action_time": "2023-05-18T11:29:33.319Z",
      "user": 1,
      "content_type": 8,
      "object_id": "24",
      "object_repr": "Children's clothing and accessories",
      "action_flag": 1,
      "change_message": "[{\"added\": {}}]"
    }
  },
  {
    "model": "admin.logentry",
    "pk": 32,
    "fields": {
      "action_time": "2023-05-18T11:29:37.096Z",
      "user": 1,
      "content_type": 8,
      "object_id": "25",
      "object_repr": "Books of various genres",
      "action_flag": 1,
      "change_message": "[{\"added\": {}}]"
    }
  },
  {
    "model": "admin.logentry",
    "pk": 33,
    "fields": {
      "action_time": "2023-05-18T11:29:40.222Z",
      "user": 1,
      "content_type": 8,
      "object_id": "26",
      "object_repr": "Music albums and musical instruments",
      "action_flag": 1,
      "change_message": "[{\"added\": {}}]"
    }
  },
  {
    "model": "admin.logentry",
    "pk": 34,
    "fields": {
      "action_time": "2023-05-18T11:29:43.918Z",
      "user": 1,
      "content_type": 8,
      "object_id": "27",
      "object_repr": "Movies and TV shows on DVD and Blu-ray",
      "action_flag": 1,
      "change_message": "[{\"added\": {}}]"
    }
  },
  {
    "model": "admin.logentry",
    "pk": 35,
    "fields": {
      "action_time": "2023-05-18T11:29:47.163Z",
      "user": 1,
      "content_type": 8,
      "object_id": "28",
      "object_repr": "E-books and audiobooks",
      "action_flag": 1,
      "change_message": "[{\"added\": {}}]"
    }
  },
  {
    "model": "admin.logentry",
    "pk": 36,
    "fields": {
      "action_time": "2023-05-18T11:29:50.488Z",
      "user": 1,
      "content_type": 8,
      "object_id": "29",
      "object_repr": "Children's toys",
      "action_flag": 1,
      "change_message": "[{\"added\": {}}]"
    }
  },
  {
    "model": "admin.logentry",
    "pk": 37,
    "fields": {
      "action_time": "2023-05-18T11:29:53.748Z",
      "user": 1,
      "content_type": 8,
      "object_id": "30",
      "object_repr": "Board games and puzzles",
      "action_flag": 1,
      "change_message": "[{\"added\": {}}]"
    }
  },
  {
    "model": "admin.logentry",
    "pk": 38,
    "fields": {
      "action_time": "2023-05-18T11:29:56.615Z",
      "user": 1,
      "content_type": 8,
      "object_id": "31",
      "object_repr": "Educational games and building sets",
      "action_flag": 1,
      "change_message": "[{\"added\": {}}]"
    }
  },
  {
    "model": "admin.logentry",
    "pk": 39,
    "fields": {
      "action_time": "2023-05-18T11:30:00.102Z",
      "user": 1,
      "content_type": 8,
      "object_id": "32",
      "object_repr": "Bicycles, skateboards, and outdoor activities",
      "action_flag": 1,
      "change_message": "[{\"added\": {}}]"
    }
  },
  {
    "model": "admin.logentry",
    "pk": 40,
    "fields": {
      "action_time": "2023-05-18T11:30:41.574Z",
      "user": 1,
      "content_type": 8,
      "object_id": "3",
      "object_repr": "Food",
      "action_flag": 3,
      "change_message": ""
    }
  },
  {
    "model": "admin.logentry",
    "pk": 41,
    "fields": {
      "action_time": "2023-05-18T11:30:41.579Z",
      "user": 1,
      "content_type": 8,
      "object_id": "2",
      "object_repr": "Electronics",
      "action_flag": 3,
      "change_message": ""
    }
  },
  {
    "model": "admin.logentry",
    "pk": 42,
    "fields": {
      "action_time": "2023-05-18T11:30:41.583Z",
      "user": 1,
      "content_type": 8,
      "object_id": "1",
      "object_repr": "Sport",
      "action_flag": 3,
      "change_message": ""
    }
  },
  {
    "model": "admin.logentry",
    "pk": 43,
    "fields": {
      "action_time": "2023-05-18T12:54:01.690Z",
      "user": 1,
      "content_type": 8,
      "object_id": "3",
      "object_repr": "Food",
      "action_flag": 3,
      "change_message": ""
    }
  },
  {
    "model": "admin.logentry",
    "pk": 44,
    "fields": {
      "action_time": "2023-05-18T12:54:01.697Z",
      "user": 1,
      "content_type": 8,
      "object_id": "2",
      "object_repr": "Electronics",
      "action_flag": 3,
      "change_message": ""
    }
  },
  {
    "model": "admin.logentry",
    "pk": 45,
    "fields": {
      "action_time": "2023-05-18T12:54:01.700Z",
      "user": 1,
      "content_type": 8,
      "object_id": "1",
      "object_repr": "Sport",
      "action_flag": 3,
      "change_message": ""
    }
  },
  {
    "model": "admin.logentry",
    "pk": 46,
    "fields": {
      "action_time": "2023-05-18T12:55:31.546Z",
      "user": 1,
      "content_type": 9,
      "object_id": "4",
      "object_repr": "iPhone 13 Pro Max",
      "action_flag": 1,
      "change_message": "[{\"added\": {}}]"
    }
  },
  {
    "model": "admin.logentry",
    "pk": 47,
    "fields": {
      "action_time": "2023-05-18T12:58:53.143Z",
      "user": 1,
      "content_type": 9,
      "object_id": "5",
      "object_repr": "Samsung Galaxy S21 Ultra",
      "action_flag": 1,
      "change_message": "[{\"added\": {}}]"
    }
  },
  {
    "model": "admin.logentry",
    "pk": 48,
    "fields": {
      "action_time": "2023-05-18T14:05:08.764Z",
      "user": 1,
      "content_type": 9,
      "object_id": "6",
      "object_repr": "iPad Pro (2021)",
      "action_flag": 1,
      "change_message": "[{\"added\": {}}]"
    }
  },
  {
    "model": "admin.logentry",
    "pk": 49,
    "fields": {
      "action_time": "2023-05-18T14:08:24.275Z",
      "user": 1,
      "content_type": 9,
      "object_id": "7",
      "object_repr": "Google Pixel 6 Pro",
      "action_flag": 1,
      "change_message": "[{\"added\": {}}]"
    }
  },
  {
    "model": "admin.logentry",
    "pk": 50,
    "fields": {
      "action_time": "2023-05-18T14:09:07.505Z",
      "user": 1,
      "content_type": 9,
      "object_id": "8",
      "object_repr": "Huawei MatePad Pro",
      "action_flag": 1,
      "change_message": "[{\"added\": {}}]"
    }
  },
  {
    "model": "admin.logentry",
    "pk": 51,
    "fields": {
      "action_time": "2023-05-18T14:11:25.864Z",
      "user": 1,
      "content_type": 9,
      "object_id": "9",
      "object_repr": "MacBook Pro (M1 Chip)",
      "action_flag": 1,
      "change_message": "[{\"added\": {}}]"
    }
  },
  {
    "model": "admin.logentry",
    "pk": 52,
    "fields": {
      "action_time": "2023-05-18T14:11:39.177Z",
      "user": 1,
      "content_type": 9,
      "object_id": "10",
      "object_repr": "Dell XPS 13",
      "action_flag": 1,
      "change_message": "[{\"added\": {}}]"
    }
  },
  {
    "model": "admin.logentry",
    "pk": 53,
    "fields": {
      "action_time": "2023-05-18T14:12:10.690Z",
      "user": 1,
      "content_type": 9,
      "object_id": "11",
      "object_repr": "HP Spectre x360",
      "action_flag": 1,
      "change_message": "[{\"added\": {}}]"
    }
  },
  {
    "model": "admin.logentry",
    "pk": 54,
    "fields": {
      "action_time": "2023-05-18T14:20:15.192Z",
      "user": 1,
      "content_type": 9,
      "object_id": "12",
      "object_repr": "Lenovo ThinkPad X1 Carbon",
      "action_flag": 1,
      "change_message": "[{\"added\": {}}]"
    }
  },
  {
    "model": "admin.logentry",
    "pk": 55,
    "fields": {
      "action_time": "2023-05-18T14:20:28.809Z",
      "user": 1,
      "content_type": 9,
      "object_id": "13",
      "object_repr": "ASUS ROG Zephyrus G14 Gaming Laptop",
      "action_flag": 1,
      "change_message": "[{\"added\": {}}]"
    }
  },
  {
    "model": "admin.logentry",
    "pk": 56,
    "fields": {
      "action_time": "2023-05-18T14:20:46.437Z",
      "user": 1,
      "content_type": 9,
      "object_id": "14",
      "object_repr": "Samsung QLED Q90T 4K Smart TV",
      "action_flag": 1,
      "change_message": "[{\"added\": {}}]"
    }
  },
  {
    "model": "admin.logentry",
    "pk": 57,
    "fields": {
      "action_time": "2023-05-18T14:20:56.857Z",
      "user": 1,
      "content_type": 9,
      "object_id": "15",
      "object_repr": "LG OLED CX Series 4K Smart TV",
      "action_flag": 1,
      "change_message": "[{\"added\": {}}]"
    }
  },
  {
    "model": "admin.logentry",
    "pk": 58,
    "fields": {
      "action_time": "2023-05-18T14:21:09.587Z",
      "user": 1,
      "content_type": 9,
      "object_id": "16",
      "object_repr": "Sony BRAVIA X900H 4K Smart TV",
      "action_flag": 1,
      "change_message": "[{\"added\": {}}]"
    }
  },
  {
    "model": "admin.logentry",
    "pk": 59,
    "fields": {
      "action_time": "2023-05-18T14:21:24.001Z",
      "user": 1,
      "content_type": 9,
      "object_id": "17",
      "object_repr": "TCL 6-Series 4K Roku TV",
      "action_flag": 1,
      "change_message": "[{\"added\": {}}]"
    }
  },
  {
    "model": "admin.logentry",
    "pk": 60,
    "fields": {
      "action_time": "2023-05-18T14:21:44.818Z",
      "user": 1,
      "content_type": 9,
      "object_id": "18",
      "object_repr": "Vizio P-Series Quantum X 4K HDR Smart TV",
      "action_flag": 1,
      "change_message": "[{\"added\": {}}]"
    }
  },
  {
    "model": "admin.logentry",
    "pk": 61,
    "fields": {
      "action_time": "2023-05-18T14:23:47.585Z",
      "user": 1,
      "content_type": 9,
      "object_id": "19",
      "object_repr": "Canon EOS R5 Mirrorless Camera",
      "action_flag": 1,
      "change_message": "[{\"added\": {}}]"
    }
  },
  {
    "model": "admin.logentry",
    "pk": 62,
    "fields": {
      "action_time": "2023-05-18T14:23:58.630Z",
      "user": 1,
      "content_type": 9,
      "object_id": "20",
      "object_repr": "Sony Alpha a7 III Mirrorless Camera",
      "action_flag": 1,
      "change_message": "[{\"added\": {}}]"
    }
  },
  {
    "model": "admin.logentry",
    "pk": 63,
    "fields": {
      "action_time": "2023-05-18T14:24:07.644Z",
      "user": 1,
      "content_type": 9,
      "object_id": "21",
      "object_repr": "Nikon D850 DSLR Camera",
      "action_flag": 1,
      "change_message": "[{\"added\": {}}]"
    }
  },
  {
    "model": "admin.logentry",
    "pk": 64,
    "fields": {
      "action_time": "2023-05-18T14:24:19.559Z",
      "user": 1,
      "content_type": 9,
      "object_id": "22",
      "object_repr": "GoPro HERO9 Black Action Camera",
      "action_flag": 1,
      "change_message": "[{\"added\": {}}]"
    }
  },
  {
    "model": "admin.logentry",
    "pk": 65,
    "fields": {
      "action_time": "2023-05-18T14:24:28.808Z",
      "user": 1,
      "content_type": 9,
      "object_id": "23",
      "object_repr": "DJI Pocket 2 Handheld Gimbal Camera",
      "action_flag": 1,
      "change_message": "[{\"added\": {}}]"
    }
  },
  {
    "model": "admin.logentry",
    "pk": 66,
    "fields": {
      "action_time": "2023-05-18T14:25:36.399Z",
      "user": 1,
      "content_type": 9,
      "object_id": "24",
      "object_repr": "Samsung Family Hub French Door Refrigerator",
      "action_flag": 1,
      "change_message": "[{\"added\": {}}]"
    }
  },
  {
    "model": "admin.logentry",
    "pk": 67,
    "fields": {
      "action_time": "2023-05-18T14:25:48.885Z",
      "user": 1,
      "content_type": 9,
      "object_id": "25",
      "object_repr": "LG InstaView Door-in-Door Refrigerator",
      "action_flag": 1,
      "change_message": "[{\"added\": {}}]"
    }
  },
  {
    "model": "admin.logentry",
    "pk": 68,
    "fields": {
      "action_time": "2023-05-18T14:25:58.385Z",
      "user": 1,
      "content_type": 9,
      "object_id": "26",
      "object_repr": "Whirlpool Side-by-Side Refrigerator",
      "action_flag": 1,
      "change_message": "[{\"added\": {}}]"
    }
  },
  {
    "model": "admin.logentry",
    "pk": 69,
    "fields": {
      "action_time": "2023-05-18T14:26:09.148Z",
      "user": 1,
      "content_type": 9,
      "object_id": "27",
      "object_repr": "Haier Compact Mini Fridge",
      "action_flag": 1,
      "change_message": "[{\"added\": {}}]"
    }
  },
  {
    "model": "admin.logentry",
    "pk": 70,
    "fields": {
      "action_time": "2023-05-18T14:40:50.614Z",
      "user": 1,
      "content_type": 9,
      "object_id": "28",
      "object_repr": "Bosch French Door Bottom Freezer Refrigerator",
      "action_flag": 1,
      "change_message": "[{\"added\": {}}]"
    }
  },
  {
    "model": "admin.logentry",
    "pk": 71,
    "fields": {
      "action_time": "2023-05-18T14:41:05.251Z",
      "user": 1,
      "content_type": 9,
      "object_id": "29",
      "object_repr": "LG Front Load Washer with TurboWash",
      "action_flag": 1,
      "change_message": "[{\"added\": {}}]"
    }
  },
  {
    "model": "admin.logentry",
    "pk": 72,
    "fields": {
      "action_time": "2023-05-18T14:41:34.797Z",
      "user": 1,
      "content_type": 9,
      "object_id": "30",
      "object_repr": "Samsung Top Load Washer with Activewash",
      "action_flag": 1,
      "change_message": "[{\"added\": {}}]"
    }
  },
  {
    "model": "admin.logentry",
    "pk": 73,
    "fields": {
      "action_time": "2023-05-18T14:43:59.431Z",
      "user": 1,
      "content_type": 9,
      "object_id": "31",
      "object_repr": "Whirlpool Cabrio High-Efficiency Gas Dryer",
      "action_flag": 1,
      "change_message": "[{\"added\": {}}]"
    }
  },
  {
    "model": "admin.logentry",
    "pk": 74,
    "fields": {
      "action_time": "2023-05-18T14:49:10.614Z",
      "user": 1,
      "content_type": 9,
      "object_id": "32",
      "object_repr": "Maytag Electric Dryer with PowerDry",
      "action_flag": 1,
      "change_message": "[{\"added\": {}}]"
    }
  },
  {
    "model": "admin.logentry",
    "pk": 75,
    "fields": {
      "action_time": "2023-05-18T14:49:23.027Z",
      "user": 1,
      "content_type": 9,
      "object_id": "32",
      "object_repr": "Maytag Electric Dryer with PowerDry",
      "action_flag": 2,
      "change_message": "[]"
    }
  },
  {
    "model": "admin.logentry",
    "pk": 76,
    "fields": {
      "action_time": "2023-05-18T14:49:28.270Z",
      "user": 1,
      "content_type": 9,
      "object_id": "32",
      "object_repr": "Maytag Electric Dryer with PowerDry",
      "action_flag": 2,
      "change_message": "[{\"changed\": {\"fields\": [\"Price\"]}}]"
    }
  },
  {
    "model": "admin.logentry",
    "pk": 77,
    "fields": {
      "action_time": "2023-05-25T18:23:31.596Z",
      "user": 1,
      "content_type": 10,
      "object_id": "1",
      "object_repr": "Color",
      "action_flag": 1,
      "change_message": "[{\"added\": {}}]"
    }
  },
  {
    "model": "admin.logentry",
    "pk": 78,
    "fields": {
      "action_time": "2023-05-25T18:24:15.775Z",
      "user": 1,
      "content_type": 10,
      "object_id": "2",
      "object_repr": "Size",
      "action_flag": 1,
      "change_message": "[{\"added\": {}}]"
    }
  },
  {
    "model": "admin.logentry",
    "pk": 79,
    "fields": {
      "action_time": "2023-05-25T18:25:23.898Z",
      "user": 1,
      "content_type": 10,
      "object_id": "3",
      "object_repr": "OS",
      "action_flag": 1,
      "change_message": "[{\"added\": {}}]"
    }
  },
  {
    "model": "admin.logentry",
    "pk": 80,
    "fields": {
      "action_time": "2023-05-25T18:26:05.428Z",
      "user": 1,
      "content_type": 10,
      "object_id": "4",
      "object_repr": "Age",
      "action_flag": 1,
      "change_message": "[{\"added\": {}}]"
    }
  },
  {
    "model": "admin.logentry",
    "pk": 81,
    "fields": {
      "action_time": "2023-05-25T18:28:03.144Z",
      "user": 1,
      "content_type": 10,
      "object_id": "5",
      "object_repr": "Genre",
      "action_flag": 1,
      "change_message": "[{\"added\": {}}]"
    }
  },
  {
    "model": "admin.logentry",
    "pk": 82,
    "fields": {
      "action_time": "2023-05-25T18:29:38.945Z",
      "user": 1,
      "content_type": 10,
      "object_id": "6",
      "object_repr": "Brand",
      "action_flag": 1,
      "change_message": "[{\"added\": {}}]"
    }
  },
  {
    "model": "admin.logentry",
    "pk": 83,
    "fields": {
      "action_time": "2023-05-25T18:30:41.058Z",
      "user": 1,
      "content_type": 10,
      "object_id": "4",
      "object_repr": "Age category",
      "action_flag": 2,
      "change_message": "[{\"changed\": {\"fields\": [\"Name\"]}}]"
    }
  },
  {
    "model": "admin.logentry",
    "pk": 84,
    "fields": {
      "action_time": "2023-05-25T18:32:46.854Z",
      "user": 1,
      "content_type": 10,
      "object_id": "7",
      "object_repr": "Battery",
      "action_flag": 1,
      "change_message": "[{\"added\": {}}]"
    }
  },
  {
    "model": "admin.logentry",
    "pk": 85,
    "fields": {
      "action_time": "2023-05-25T18:33:14.939Z",
      "user": 1,
      "content_type": 12,
      "object_id": "1",
      "object_repr": "ProductAttribute object (1)",
      "action_flag": 1,
      "change_message": "[{\"added\": {}}]"
    }
  },
  {
    "model": "admin.logentry",
    "pk": 86,
    "fields": {
      "action_time": "2023-05-25T18:35:58.877Z",
      "user": 1,
      "content_type": 12,
      "object_id": "2",
      "object_repr": "MacBook Pro (M1 Chip). Color: White",
      "action_flag": 1,
      "change_message": "[{\"added\": {}}]"
    }
  },
  {
    "model": "admin.logentry",
    "pk": 87,
    "fields": {
      "action_time": "2023-05-25T18:45:42.775Z",
      "user": 1,
      "content_type": 16,
      "object_id": "1",
      "object_repr": "Sales",
      "action_flag": 1,
      "change_message": "[{\"added\": {}}]"
    }
  },
  {
    "model": "auth.permission",
    "pk": 1,
    "fields": {
      "name": "Can add log entry",
      "content_type": 1,
      "codename": "add_logentry"
    }
  },
  {
    "model": "auth.permission",
    "pk": 2,
    "fields": {
      "name": "Can change log entry",
      "content_type": 1,
      "codename": "change_logentry"
    }
  },
  {
    "model": "auth.permission",
    "pk": 3,
    "fields": {
      "name": "Can delete log entry",
      "content_type": 1,
      "codename": "delete_logentry"
    }
  },
  {
    "model": "auth.permission",
    "pk": 4,
    "fields": {
      "name": "Can view log entry",
      "content_type": 1,
      "codename": "view_logentry"
    }
  },
  {
    "model": "auth.permission",
    "pk": 5,
    "fields": {
      "name": "Can add permission",
      "content_type": 2,
      "codename": "add_permission"
    }
  },
  {
    "model": "auth.permission",
    "pk": 6,
    "fields": {
      "name": "Can change permission",
      "content_type": 2,
      "codename": "change_permission"
    }
  },
  {
    "model": "auth.permission",
    "pk": 7,
    "fields": {
      "name": "Can delete permission",
      "content_type": 2,
      "codename": "delete_permission"
    }
  },
  {
    "model": "auth.permission",
    "pk": 8,
    "fields": {
      "name": "Can view permission",
      "content_type": 2,
      "codename": "view_permission"
    }
  },
  {
    "model": "auth.permission",
    "pk": 9,
    "fields": {
      "name": "Can add group",
      "content_type": 3,
      "codename": "add_group"
    }
  },
  {
    "model": "auth.permission",
    "pk": 10,
    "fields": {
      "name": "Can change group",
      "content_type": 3,
      "codename": "change_group"
    }
  },
  {
    "model": "auth.permission",
    "pk": 11,
    "fields": {
      "name": "Can delete group",
      "content_type": 3,
      "codename": "delete_group"
    }
  },
  {
    "model": "auth.permission",
    "pk": 12,
    "fields": {
      "name": "Can view group",
      "content_type": 3,
      "codename": "view_group"
    }
  },
  {
    "model": "auth.permission",
    "pk": 13,
    "fields": {
      "name": "Can add content type",
      "content_type": 4,
      "codename": "add_contenttype"
    }
  },
  {
    "model": "auth.permission",
    "pk": 14,
    "fields": {
      "name": "Can change content type",
      "content_type": 4,
      "codename": "change_contenttype"
    }
  },
  {
    "model": "auth.permission",
    "pk": 15,
    "fields": {
      "name": "Can delete content type",
      "content_type": 4,
      "codename": "delete_contenttype"
    }
  },
  {
    "model": "auth.permission",
    "pk": 16,
    "fields": {
      "name": "Can view content type",
      "content_type": 4,
      "codename": "view_contenttype"
    }
  },
  {
    "model": "auth.permission",
    "pk": 17,
    "fields": {
      "name": "Can add session",
      "content_type": 5,
      "codename": "add_session"
    }
  },
  {
    "model": "auth.permission",
    "pk": 18,
    "fields": {
      "name": "Can change session",
      "content_type": 5,
      "codename": "change_session"
    }
  },
  {
    "model": "auth.permission",
    "pk": 19,
    "fields": {
      "name": "Can delete session",
      "content_type": 5,
      "codename": "delete_session"
    }
  },
  {
    "model": "auth.permission",
    "pk": 20,
    "fields": {
      "name": "Can view session",
      "content_type": 5,
      "codename": "view_session"
    }
  },
  {
    "model": "auth.permission",
    "pk": 21,
    "fields": {
      "name": "Can add cart",
      "content_type": 6,
      "codename": "add_cart"
    }
  },
  {
    "model": "auth.permission",
    "pk": 22,
    "fields": {
      "name": "Can change cart",
      "content_type": 6,
      "codename": "change_cart"
    }
  },
  {
    "model": "auth.permission",
    "pk": 23,
    "fields": {
      "name": "Can delete cart",
      "content_type": 6,
      "codename": "delete_cart"
    }
  },
  {
    "model": "auth.permission",
    "pk": 24,
    "fields": {
      "name": "Can view cart",
      "content_type": 6,
      "codename": "view_cart"
    }
  },
  {
    "model": "auth.permission",
    "pk": 25,
    "fields": {
      "name": "Can add wish list",
      "content_type": 7,
      "codename": "add_wishlist"
    }
  },
  {
    "model": "auth.permission",
    "pk": 26,
    "fields": {
      "name": "Can change wish list",
      "content_type": 7,
      "codename": "change_wishlist"
    }
  },
  {
    "model": "auth.permission",
    "pk": 27,
    "fields": {
      "name": "Can delete wish list",
      "content_type": 7,
      "codename": "delete_wishlist"
    }
  },
  {
    "model": "auth.permission",
    "pk": 28,
    "fields": {
      "name": "Can view wish list",
      "content_type": 7,
      "codename": "view_wishlist"
    }
  },
  {
    "model": "auth.permission",
    "pk": 29,
    "fields": {
      "name": "Can add category",
      "content_type": 8,
      "codename": "add_category"
    }
  },
  {
    "model": "auth.permission",
    "pk": 30,
    "fields": {
      "name": "Can change category",
      "content_type": 8,
      "codename": "change_category"
    }
  },
  {
    "model": "auth.permission",
    "pk": 31,
    "fields": {
      "name": "Can delete category",
      "content_type": 8,
      "codename": "delete_category"
    }
  },
  {
    "model": "auth.permission",
    "pk": 32,
    "fields": {
      "name": "Can view category",
      "content_type": 8,
      "codename": "view_category"
    }
  },
  {
    "model": "auth.permission",
    "pk": 33,
    "fields": {
      "name": "Can add product",
      "content_type": 9,
      "codename": "add_product"
    }
  },
  {
    "model": "auth.permission",
    "pk": 34,
    "fields": {
      "name": "Can change product",
      "content_type": 9,
      "codename": "change_product"
    }
  },
  {
    "model": "auth.permission",
    "pk": 35,
    "fields": {
      "name": "Can delete product",
      "content_type": 9,
      "codename": "delete_product"
    }
  },
  {
    "model": "auth.permission",
    "pk": 36,
    "fields": {
      "name": "Can view product",
      "content_type": 9,
      "codename": "view_product"
    }
  },
  {
    "model": "auth.permission",
    "pk": 37,
    "fields": {
      "name": "Can add user",
      "content_type": 10,
      "codename": "add_user"
    }
  },
  {
    "model": "auth.permission",
    "pk": 38,
    "fields": {
      "name": "Can change user",
      "content_type": 10,
      "codename": "change_user"
    }
  },
  {
    "model": "auth.permission",
    "pk": 39,
    "fields": {
      "name": "Can delete user",
      "content_type": 10,
      "codename": "delete_user"
    }
  },
  {
    "model": "auth.permission",
    "pk": 40,
    "fields": {
      "name": "Can view user",
      "content_type": 10,
      "codename": "view_user"
    }
  },
  {
    "model": "auth.permission",
    "pk": 41,
    "fields": {
      "name": "Can add seller profile",
      "content_type": 11,
      "codename": "add_sellerprofile"
    }
  },
  {
    "model": "auth.permission",
    "pk": 42,
    "fields": {
      "name": "Can change seller profile",
      "content_type": 11,
      "codename": "change_sellerprofile"
    }
  },
  {
    "model": "auth.permission",
    "pk": 43,
    "fields": {
      "name": "Can delete seller profile",
      "content_type": 11,
      "codename": "delete_sellerprofile"
    }
  },
  {
    "model": "auth.permission",
    "pk": 44,
    "fields": {
      "name": "Can view seller profile",
      "content_type": 11,
      "codename": "view_sellerprofile"
    }
  },
  {
    "model": "auth.permission",
    "pk": 45,
    "fields": {
      "name": "Can add buyer profile",
      "content_type": 12,
      "codename": "add_buyerprofile"
    }
  },
  {
    "model": "auth.permission",
    "pk": 46,
    "fields": {
      "name": "Can change buyer profile",
      "content_type": 12,
      "codename": "change_buyerprofile"
    }
  },
  {
    "model": "auth.permission",
    "pk": 47,
    "fields": {
      "name": "Can delete buyer profile",
      "content_type": 12,
      "codename": "delete_buyerprofile"
    }
  },
  {
    "model": "auth.permission",
    "pk": 48,
    "fields": {
      "name": "Can view buyer profile",
      "content_type": 12,
      "codename": "view_buyerprofile"
    }
  },
  {
    "model": "auth.permission",
    "pk": 49,
    "fields": {
      "name": "Can add email distribution",
      "content_type": 13,
      "codename": "add_emaildistribution"
    }
  },
  {
    "model": "auth.permission",
    "pk": 50,
    "fields": {
      "name": "Can change email distribution",
      "content_type": 13,
      "codename": "change_emaildistribution"
    }
  },
  {
    "model": "auth.permission",
    "pk": 51,
    "fields": {
      "name": "Can delete email distribution",
      "content_type": 13,
      "codename": "delete_emaildistribution"
    }
  },
  {
    "model": "auth.permission",
    "pk": 52,
    "fields": {
      "name": "Can view email distribution",
      "content_type": 13,
      "codename": "view_emaildistribution"
    }
  },
  {
    "model": "auth.permission",
    "pk": 53,
    "fields": {
      "name": "Can add order item",
      "content_type": 14,
      "codename": "add_orderitem"
    }
  },
  {
    "model": "auth.permission",
    "pk": 54,
    "fields": {
      "name": "Can change order item",
      "content_type": 14,
      "codename": "change_orderitem"
    }
  },
  {
    "model": "auth.permission",
    "pk": 55,
    "fields": {
      "name": "Can delete order item",
      "content_type": 14,
      "codename": "delete_orderitem"
    }
  },
  {
    "model": "auth.permission",
    "pk": 56,
    "fields": {
      "name": "Can view order item",
      "content_type": 14,
      "codename": "view_orderitem"
    }
  },
  {
    "model": "auth.permission",
    "pk": 57,
    "fields": {
      "name": "Can add order",
      "content_type": 15,
      "codename": "add_order"
    }
  },
  {
    "model": "auth.permission",
    "pk": 58,
    "fields": {
      "name": "Can change order",
      "content_type": 15,
      "codename": "change_order"
    }
  },
  {
    "model": "auth.permission",
    "pk": 59,
    "fields": {
      "name": "Can delete order",
      "content_type": 15,
      "codename": "delete_order"
    }
  },
  {
    "model": "auth.permission",
    "pk": 60,
    "fields": {
      "name": "Can view order",
      "content_type": 15,
      "codename": "view_order"
    }
  },
  {
    "model": "auth.permission",
    "pk": 61,
    "fields": {
      "name": "Can add review",
      "content_type": 16,
      "codename": "add_review"
    }
  },
  {
    "model": "auth.permission",
    "pk": 62,
    "fields": {
      "name": "Can change review",
      "content_type": 16,
      "codename": "change_review"
    }
  },
  {
    "model": "auth.permission",
    "pk": 63,
    "fields": {
      "name": "Can delete review",
      "content_type": 16,
      "codename": "delete_review"
    }
  },
  {
    "model": "auth.permission",
    "pk": 64,
    "fields": {
      "name": "Can view review",
      "content_type": 16,
      "codename": "view_review"
    }
  },
  {
    "model": "auth.permission",
    "pk": 65,
    "fields": {
      "name": "Can add email distribution",
      "content_type": 17,
      "codename": "add_emaildistribution"
    }
  },
  {
    "model": "auth.permission",
    "pk": 66,
    "fields": {
      "name": "Can change email distribution",
      "content_type": 17,
      "codename": "change_emaildistribution"
    }
  },
  {
    "model": "auth.permission",
    "pk": 67,
    "fields": {
      "name": "Can delete email distribution",
      "content_type": 17,
      "codename": "delete_emaildistribution"
    }
  },
  {
    "model": "auth.permission",
    "pk": 68,
    "fields": {
      "name": "Can view email distribution",
      "content_type": 17,
      "codename": "view_emaildistribution"
    }
  },
  {
    "model": "auth.permission",
    "pk": 69,
    "fields": {
      "name": "Can add order",
      "content_type": 18,
      "codename": "add_order"
    }
  },
  {
    "model": "auth.permission",
    "pk": 70,
    "fields": {
      "name": "Can change order",
      "content_type": 18,
      "codename": "change_order"
    }
  },
  {
    "model": "auth.permission",
    "pk": 71,
    "fields": {
      "name": "Can delete order",
      "content_type": 18,
      "codename": "delete_order"
    }
  },
  {
    "model": "auth.permission",
    "pk": 72,
    "fields": {
      "name": "Can view order",
      "content_type": 18,
      "codename": "view_order"
    }
  },
  {
    "model": "auth.permission",
    "pk": 73,
    "fields": {
      "name": "Can add order item",
      "content_type": 19,
      "codename": "add_orderitem"
    }
  },
  {
    "model": "auth.permission",
    "pk": 74,
    "fields": {
      "name": "Can change order item",
      "content_type": 19,
      "codename": "change_orderitem"
    }
  },
  {
    "model": "auth.permission",
    "pk": 75,
    "fields": {
      "name": "Can delete order item",
      "content_type": 19,
      "codename": "delete_orderitem"
    }
  },
  {
    "model": "auth.permission",
    "pk": 76,
    "fields": {
      "name": "Can view order item",
      "content_type": 19,
      "codename": "view_orderitem"
    }
  },
  {
    "model": "auth.permission",
    "pk": 77,
    "fields": {
      "name": "Can add review",
      "content_type": 20,
      "codename": "add_review"
    }
  },
  {
    "model": "auth.permission",
    "pk": 78,
    "fields": {
      "name": "Can change review",
      "content_type": 20,
      "codename": "change_review"
    }
  },
  {
    "model": "auth.permission",
    "pk": 79,
    "fields": {
      "name": "Can delete review",
      "content_type": 20,
      "codename": "delete_review"
    }
  },
  {
    "model": "auth.permission",
    "pk": 80,
    "fields": {
      "name": "Can view review",
      "content_type": 20,
      "codename": "view_review"
    }
  },
  {
    "model": "contenttypes.contenttype",
    "pk": 1,
    "fields": {
      "app_label": "admin",
      "model": "logentry"
    }
  },
  {
    "model": "contenttypes.contenttype",
    "pk": 2,
    "fields": {
      "app_label": "auth",
      "model": "permission"
    }
  },
  {
    "model": "contenttypes.contenttype",
    "pk": 3,
    "fields": {
      "app_label": "auth",
      "model": "group"
    }
  },
  {
    "model": "contenttypes.contenttype",
    "pk": 4,
    "fields": {
      "app_label": "contenttypes",
      "model": "contenttype"
    }
  },
  {
    "model": "contenttypes.contenttype",
    "pk": 5,
    "fields": {
      "app_label": "sessions",
      "model": "session"
    }
  },
  {
    "model": "contenttypes.contenttype",
    "pk": 6,
    "fields": {
      "app_label": "cart",
      "model": "cart"
    }
  },
  {
    "model": "contenttypes.contenttype",
    "pk": 7,
    "fields": {
      "app_label": "cart",
      "model": "cartitem"
    }
  },
  {
    "model": "contenttypes.contenttype",
    "pk": 8,
    "fields": {
      "app_label": "cart",
      "model": "wishlist"
    }
  },
  {
    "model": "contenttypes.contenttype",
    "pk": 9,
    "fields": {
      "app_label": "catalog",
      "model": "category"
    }
  },
  {
    "model": "contenttypes.contenttype",
    "pk": 10,
    "fields": {
      "app_label": "catalog",
      "model": "categoryattribute"
    }
  },
  {
    "model": "contenttypes.contenttype",
    "pk": 11,
    "fields": {
      "app_label": "catalog",
      "model": "product"
    }
  },
  {
    "model": "contenttypes.contenttype",
    "pk": 12,
    "fields": {
      "app_label": "catalog",
      "model": "productattribute"
    }
  },
  {
    "model": "contenttypes.contenttype",
    "pk": 13,
    "fields": {
      "app_label": "core",
      "model": "user"
    }
  },
  {
    "model": "contenttypes.contenttype",
    "pk": 14,
    "fields": {
      "app_label": "core",
      "model": "sellerprofile"
    }
  },
  {
    "model": "contenttypes.contenttype",
    "pk": 15,
    "fields": {
      "app_label": "core",
      "model": "buyerprofile"
    }
  },
  {
    "model": "contenttypes.contenttype",
    "pk": 16,
    "fields": {
      "app_label": "distribution",
      "model": "distributioncategory"
    }
  },
  {
    "model": "contenttypes.contenttype",
    "pk": 17,
    "fields": {
      "app_label": "distribution",
      "model": "emaildistribution"
    }
  },
  {
    "model": "contenttypes.contenttype",
    "pk": 18,
    "fields": {
      "app_label": "order",
      "model": "order"
    }
  },
  {
    "model": "contenttypes.contenttype",
    "pk": 19,
    "fields": {
      "app_label": "order",
      "model": "orderitem"
    }
  },
  {
    "model": "contenttypes.contenttype",
    "pk": 20,
    "fields": {
      "app_label": "review",
      "model": "review"
    }
  },
  {
    "model": "sessions.session",
    "pk": "2spqkxzbl9vzf2ytcr6394383g3bafzk",
    "fields": {
      "session_data": ".eJxVjEEOwiAQRe_C2pAOjAO6dO8ZyMCAVA1NSrsy3l2bdKHb_977LxV4XWpYe57DKOqsQB1-t8jpkdsG5M7tNuk0tWUeo94UvdOur5Pk52V3_w4q9_qt44DesissDEeQZCkWTw6IbTrRIN5xQSRDxmIBRgeAkqIz1hRkRPX-AN60N18:1q2Fbm:XsK4XF7Otci5D7loG1kX3pu0dgmCPXmtzsiOf9X-5v8",
      "expire_date": "2023-06-08T18:22:42.694Z"
    }
  },
  {
    "model": "sessions.session",
    "pk": "96hfas640824i8tbkjqpx4b1m4rywvv2",
    "fields": {
      "session_data": ".eJxVjEEOwiAQRe_C2pAOjAO6dO8ZyMCAVA1NSrsy3l2bdKHb_977LxV4XWpYe57DKOqsQB1-t8jpkdsG5M7tNuk0tWUeo94UvdOur5Pk52V3_w4q9_qt44DesissDEeQZCkWTw6IbTrRIN5xQSRDxmIBRgeAkqIz1hRkRPX-AN60N18:1pzbeE:5pw4DYLISXWsxSlIaNAeCJqdWO2qyrkazGoLkPeOiw8",
      "expire_date": "2023-06-01T11:18:18.562Z"
    }
  },
  {
    "model": "sessions.session",
    "pk": "jxqtqgymmc7tl0gdkcy0j7uf7jy5v9h3",
    "fields": {
      "session_data": ".eJxVjEEOwiAQRe_C2pAOjAO6dO8ZyMCAVA1NSrsy3l2bdKHb_977LxV4XWpYe57DKOqsQB1-t8jpkdsG5M7tNuk0tWUeo94UvdOur5Pk52V3_w4q9_qt44DesissDEeQZCkWTw6IbTrRIN5xQSRDxmIBRgeAkqIz1hRkRPX-AN60N18:1pzXNM:QEhCfKl8xbkwDHJTZo9VvYvXzx_ZAotGtqnWrjUe8y0",
      "expire_date": "2023-06-01T06:44:36.150Z"
    }
  },
  {
    "model": "catalog.category",
    "pk": 1,
    "fields": {
      "title": "Sport"
    }
  },
  {
    "model": "catalog.category",
    "pk": 2,
    "fields": {
      "title": "Electronics"
    }
  },
  {
    "model": "catalog.category",
    "pk": 3,
    "fields": {
      "title": "Food"
    }
  },
  {
    "model": "catalog.category",
    "pk": 4,
    "fields": {
      "title": "Smartphones and tablets"
    }
  },
  {
    "model": "catalog.category",
    "pk": 5,
    "fields": {
      "title": "Computers and laptops"
    }
  },
  {
    "model": "catalog.category",
    "pk": 6,
    "fields": {
      "title": "TVs and audio-video equipment"
    }
  },
  {
    "model": "catalog.category",
    "pk": 7,
    "fields": {
      "title": "Cameras and camcorders"
    }
  },
  {
    "model": "catalog.category",
    "pk": 8,
    "fields": {
      "title": "Gadgets and accessories"
    }
  },
  {
    "model": "catalog.category",
    "pk": 9,
    "fields": {
      "title": "Refrigerators and freezers"
    }
  },
  {
    "model": "catalog.category",
    "pk": 10,
    "fields": {
      "title": "Washing machines and dryers"
    }
  },
  {
    "model": "catalog.category",
    "pk": 11,
    "fields": {
      "title": "Kitchen appliances"
    }
  },
  {
    "model": "catalog.category",
    "pk": 12,
    "fields": {
      "title": "Climate control equipment"
    }
  },
  {
    "model": "catalog.category",
    "pk": 13,
    "fields": {
      "title": "Furniture for home and office"
    }
  },
  {
    "model": "catalog.category",
    "pk": 14,
    "fields": {
      "title": "Decor and lighting"
    }
  },
  {
    "model": "catalog.category",
    "pk": 15,
    "fields": {
      "title": "Outdoor furniture and accessories"
    }
  },
  {
    "model": "catalog.category",
    "pk": 16,
    "fields": {
      "title": "Tools and equipment"
    }
  },
  {
    "model": "catalog.category",
    "pk": 17,
    "fields": {
      "title": "Cosmetics and skincare products"
    }
  },
  {
    "model": "catalog.category",
    "pk": 18,
    "fields": {
      "title": "Perfumes and aromatherapy"
    }
  },
  {
    "model": "catalog.category",
    "pk": 19,
    "fields": {
      "title": "Certified medical products"
    }
  },
  {
    "model": "catalog.category",
    "pk": 20,
    "fields": {
      "title": "Fitness and sports equipment"
    }
  },
  {
    "model": "catalog.category",
    "pk": 21,
    "fields": {
      "title": "Men's and women's clothing"
    }
  },
  {
    "model": "catalog.category",
    "pk": 22,
    "fields": {
      "title": "Footwear and accessories"
    }
  },
  {
    "model": "catalog.category",
    "pk": 23,
    "fields": {
      "title": "Sports clothing and footwear"
    }
  },
  {
    "model": "catalog.category",
    "pk": 24,
    "fields": {
      "title": "Children's clothing and accessories"
    }
  },
  {
    "model": "catalog.category",
    "pk": 25,
    "fields": {
      "title": "Books of various genres"
    }
  },
  {
    "model": "catalog.category",
    "pk": 26,
    "fields": {
      "title": "Music albums and musical instruments"
    }
  },
  {
    "model": "catalog.category",
    "pk": 27,
    "fields": {
      "title": "Movies and TV shows on DVD and Blu-ray"
    }
  },
  {
    "model": "catalog.category",
    "pk": 28,
    "fields": {
      "title": "E-books and audiobooks"
    }
  },
  {
    "model": "catalog.category",
    "pk": 29,
    "fields": {
      "title": "Children's toys"
    }
  },
  {
    "model": "catalog.category",
    "pk": 30,
    "fields": {
      "title": "Board games and puzzles"
    }
  },
  {
    "model": "catalog.category",
    "pk": 31,
    "fields": {
      "title": "Educational games and building sets"
    }
  },
  {
    "model": "catalog.category",
    "pk": 32,
    "fields": {
      "title": "Bicycles, skateboards, and outdoor activities"
    }
  },
  {
    "model": "catalog.categoryattribute",
    "pk": 1,
    "fields": {
      "name": "Color",
      "category": [
        2,
        4,
        5,
        6,
        7,
        8,
        9,
        10,
        11,
        13,
        14,
        15,
        21,
        22,
        23,
        24,
        29
      ]
    }
  },
  {
    "model": "catalog.categoryattribute",
    "pk": 2,
    "fields": {
      "name": "Size",
      "category": [
        16,
        20,
        21,
        22,
        23,
        24,
        32
      ]
    }
  },
  {
    "model": "catalog.categoryattribute",
    "pk": 3,
    "fields": {
      "name": "OS",
      "category": [
        4,
        5,
        8,
        28
      ]
    }
  },
  {
    "model": "catalog.categoryattribute",
    "pk": 4,
    "fields": {
      "name": "Age category",
      "category": [
        24,
        29,
        30,
        31,
        32
      ]
    }
  },
  {
    "model": "catalog.categoryattribute",
    "pk": 5,
    "fields": {
      "name": "Genre",
      "category": [
        25,
        26,
        27,
        28
      ]
    }
  },
  {
    "model": "catalog.categoryattribute",
    "pk": 6,
    "fields": {
      "name": "Brand",
      "category": [
        1,
        2,
        3,
        4,
        5,
        6,
        7,
        8,
        9,
        10,
        11,
        12,
        13,
        14,
        15,
        16,
        17,
        18,
        19,
        20,
        21,
        22,
        23,
        24,
        25,
        26,
        27,
        28,
        29,
        30,
        31,
        32
      ]
    }
  },
  {
    "model": "catalog.categoryattribute",
    "pk": 7,
    "fields": {
      "name": "Battery",
      "category": [
        2,
        4,
        5,
        6,
        7,
        8,
        28
      ]
    }
  },
  {
    "model": "catalog.product",
    "pk": 1,
    "fields": {
      "title": "Notebook",
      "description": "",
      "category": 2,
      "count": 10,
      "image": "images/article_international_bottles_2I65re3.jpg",
      "price": "5.50",
      "is_active": true,
      "created_at": "2023-05-18T06:45:36.852Z",
      "updated_at": "2023-05-18T06:45:36.852Z",
      "created_by": 1
    }
  },
  {
    "model": "catalog.product",
    "pk": 2,
    "fields": {
      "title": "Boxing gloves",
      "description": "",
      "category": 1,
      "count": 3,
      "image": "images/article_international_bottles_1UUjur9.jpg",
      "price": "3.00",
      "is_active": true,
      "created_at": "2023-05-18T06:46:12.033Z",
      "updated_at": "2023-05-18T06:46:12.033Z",
      "created_by": 1
    }
  },
  {
    "model": "catalog.product",
    "pk": 3,
    "fields": {
      "title": "Potato",
      "description": "",
      "category": 3,
      "count": 100,
      "image": "images/article_international_bottles_vfsaqDy.jpg",
      "price": "2.50",
      "is_active": true,
      "created_at": "2023-05-18T06:46:42.904Z",
      "updated_at": "2023-05-18T06:46:42.904Z",
      "created_by": 1
    }
  },
  {
    "model": "catalog.product",
    "pk": 4,
    "fields": {
      "title": "iPhone 13 Pro Max",
      "description": "For applefapper",
      "category": 4,
      "count": 100,
      "image": "",
      "price": "44.21",
      "is_active": true,
      "created_at": "2023-05-18T12:55:31.543Z",
      "updated_at": "2023-05-18T12:55:31.543Z",
      "created_by": 1
    }
  },
  {
    "model": "catalog.product",
    "pk": 5,
    "fields": {
      "title": "Samsung Galaxy S21 Ultra",
      "description": "Lorem ipsum dolor sit amet consectetur adipiscing elit sollicitudin, sociis tempus aliquet himenaeos mi sem non, vulputate etiam fames pretium tellus suscipit varius. Nascetur mattis rhoncus suscipit etiam velit urna vivamus hac, litora vulputate dapibus dictum taciti donec ut aenean, tempor dui scelerisque semper montes risus sapien. Justo lectus vehicula egestas erat praesent mattis ornare ut netus ad, hac pellentesque magna etiam cursus sodales pretium montes dis blandit, duis auctor facilisi iaculis faucibus class curae volutpat sociosqu.",
      "category": 4,
      "count": 2,
      "image": "",
      "price": "0.25",
      "is_active": true,
      "created_at": "2023-05-18T12:58:53.142Z",
      "updated_at": "2023-05-18T12:58:53.142Z",
      "created_by": 1
    }
  },
  {
    "model": "catalog.product",
    "pk": 6,
    "fields": {
      "title": "iPad Pro (2021)",
      "description": "Lorem ipsum dolor sit amet consectetur adipiscing elit hac arcu laoreet, mattis sodales phasellus blandit nunc nullam ante habitant et, lacinia ac vehicula cubilia faucibus rhoncus dapibus justo imperdiet. Pharetra rutrum porta egestas litora scelerisque, etiam magna libero convallis mauris porttitor, nec erat posuere neque. Aptent convallis sollicitudin torquent dis conubia nibh vitae nisi, odio iaculis metus massa libero per fringilla etiam himenaeos, non senectus cursus magnis aenean dignissim suspendisse. Vulputate aptent semper scelerisque senectus ultricies consequat, varius cum nisl accumsan platea libero, augue netus montes potenti phasellus. Natoque urna lacus vehicula ante himenaeos parturient augue, lectus lobortis nascetur penatibus neque velit faucibus, class phasellus enim nisi laoreet at. Sodales pretium litora viverra curabitur id sociosqu turpis posuere imperdiet bibendum habitasse, cum ullamcorper congue dui facilisi mus accumsan pellentesque at felis, vestibulum vivamus proin auctor condimentum et habitant sagittis est ante. Curabitur justo nostra cubilia at pretium fringilla leo erat, ut tempor ultricies aliquet velit conubia mus proin, facilisis est luctus neque ligula praesent morbi.",
      "category": 4,
      "count": 3,
      "image": "",
      "price": "45.00",
      "is_active": true,
      "created_at": "2023-05-18T14:05:08.746Z",
      "updated_at": "2023-05-18T14:05:08.746Z",
      "created_by": 1
    }
  },
  {
    "model": "catalog.product",
    "pk": 7,
    "fields": {
      "title": "Google Pixel 6 Pro",
      "description": "Google Pixel 6 Pro",
      "category": 4,
      "count": 1,
      "image": "",
      "price": "40.00",
      "is_active": true,
      "created_at": "2023-05-18T14:08:24.273Z",
      "updated_at": "2023-05-18T14:08:24.273Z",
      "created_by": 1
    }
  },
  {
    "model": "catalog.product",
    "pk": 8,
    "fields": {
      "title": "Huawei MatePad Pro",
      "description": "Huawei MatePad Pro",
      "category": 4,
      "count": 789,
      "image": "",
      "price": "45.00",
      "is_active": true,
      "created_at": "2023-05-18T14:09:07.503Z",
      "updated_at": "2023-05-18T14:09:07.503Z",
      "created_by": 1
    }
  },
  {
    "model": "catalog.product",
    "pk": 9,
    "fields": {
      "title": "MacBook Pro (M1 Chip)",
      "description": "MacBook Pro (M1 Chip)",
      "category": 5,
      "count": 5,
      "image": "",
      "price": "90.00",
      "is_active": true,
      "created_at": "2023-05-18T14:11:25.861Z",
      "updated_at": "2023-05-18T14:11:25.861Z",
      "created_by": 1
    }
  },
  {
    "model": "catalog.product",
    "pk": 10,
    "fields": {
      "title": "Dell XPS 13",
      "description": "Dell XPS 13",
      "category": 5,
      "count": 99,
      "image": "",
      "price": "99.00",
      "is_active": true,
      "created_at": "2023-05-18T14:11:39.174Z",
      "updated_at": "2023-05-18T14:11:39.174Z",
      "created_by": 1
    }
  },
  {
    "model": "catalog.product",
    "pk": 11,
    "fields": {
      "title": "HP Spectre x360",
      "description": "HP Spectre x360",
      "category": 5,
      "count": 88,
      "image": "",
      "price": "99.00",
      "is_active": true,
      "created_at": "2023-05-18T14:12:10.688Z",
      "updated_at": "2023-05-18T14:12:10.688Z",
      "created_by": 1
    }
  },
  {
    "model": "catalog.product",
    "pk": 12,
    "fields": {
      "title": "Lenovo ThinkPad X1 Carbon",
      "description": "",
      "category": 5,
      "count": 1,
      "image": "",
      "price": "1.00",
      "is_active": true,
      "created_at": "2023-05-18T14:20:15.189Z",
      "updated_at": "2023-05-18T14:20:15.189Z",
      "created_by": 1
    }
  },
  {
    "model": "catalog.product",
    "pk": 13,
    "fields": {
      "title": "ASUS ROG Zephyrus G14 Gaming Laptop",
      "description": "ASUS ROG Zephyrus G14 Gaming Laptop",
      "category": 5,
      "count": 2,
      "image": "",
      "price": "45.00",
      "is_active": true,
      "created_at": "2023-05-18T14:20:28.807Z",
      "updated_at": "2023-05-18T14:20:28.807Z",
      "created_by": 1
    }
  },
  {
    "model": "catalog.product",
    "pk": 14,
    "fields": {
      "title": "Samsung QLED Q90T 4K Smart TV",
      "description": "Samsung QLED Q90T 4K Smart TV",
      "category": 6,
      "count": 3,
      "image": "",
      "price": "0.02",
      "is_active": true,
      "created_at": "2023-05-18T14:20:46.435Z",
      "updated_at": "2023-05-18T14:20:46.435Z",
      "created_by": 1
    }
  },
  {
    "model": "catalog.product",
    "pk": 15,
    "fields": {
      "title": "LG OLED CX Series 4K Smart TV",
      "description": "LG OLED CX Series 4K Smart TV",
      "category": 6,
      "count": 4,
      "image": "",
      "price": "0.03",
      "is_active": true,
      "created_at": "2023-05-18T14:20:56.854Z",
      "updated_at": "2023-05-18T14:20:56.854Z",
      "created_by": 1
    }
  },
  {
    "model": "catalog.product",
    "pk": 16,
    "fields": {
      "title": "Sony BRAVIA X900H 4K Smart TV",
      "description": "Sony BRAVIA X900H 4K Smart TV",
      "category": 6,
      "count": 4,
      "image": "",
      "price": "0.02",
      "is_active": true,
      "created_at": "2023-05-18T14:21:09.584Z",
      "updated_at": "2023-05-18T14:21:09.584Z",
      "created_by": 1
    }
  },
  {
    "model": "catalog.product",
    "pk": 17,
    "fields": {
      "title": "TCL 6-Series 4K Roku TV",
      "description": "TCL 6-Series 4K Roku TV",
      "category": 6,
      "count": 5,
      "image": "",
      "price": "0.04",
      "is_active": true,
      "created_at": "2023-05-18T14:21:23.999Z",
      "updated_at": "2023-05-18T14:21:23.999Z",
      "created_by": 1
    }
  },
  {
    "model": "catalog.product",
    "pk": 18,
    "fields": {
      "title": "Vizio P-Series Quantum X 4K HDR Smart TV",
      "description": "Vizio P-Series Quantum X 4K HDR Smart TV",
      "category": 6,
      "count": 5,
      "image": "",
      "price": "-0.06",
      "is_active": true,
      "created_at": "2023-05-18T14:21:44.816Z",
      "updated_at": "2023-05-18T14:21:44.816Z",
      "created_by": 1
    }
  },
  {
    "model": "catalog.product",
    "pk": 19,
    "fields": {
      "title": "Canon EOS R5 Mirrorless Camera",
      "description": "Canon EOS R5 Mirrorless Camera",
      "category": 7,
      "count": 8,
      "image": "",
      "price": "2.00",
      "is_active": true,
      "created_at": "2023-05-18T14:23:47.582Z",
      "updated_at": "2023-05-18T14:23:47.582Z",
      "created_by": 1
    }
  },
  {
    "model": "catalog.product",
    "pk": 20,
    "fields": {
      "title": "Sony Alpha a7 III Mirrorless Camera",
      "description": "Sony Alpha a7 III Mirrorless Camera",
      "category": 7,
      "count": 4,
      "image": "",
      "price": "1.00",
      "is_active": true,
      "created_at": "2023-05-18T14:23:58.627Z",
      "updated_at": "2023-05-18T14:23:58.627Z",
      "created_by": 1
    }
  },
  {
    "model": "catalog.product",
    "pk": 21,
    "fields": {
      "title": "Nikon D850 DSLR Camera",
      "description": "Nikon D850 DSLR Camera",
      "category": 7,
      "count": 4,
      "image": "",
      "price": "0.01",
      "is_active": true,
      "created_at": "2023-05-18T14:24:07.643Z",
      "updated_at": "2023-05-18T14:24:07.643Z",
      "created_by": 1
    }
  },
  {
    "model": "catalog.product",
    "pk": 22,
    "fields": {
      "title": "GoPro HERO9 Black Action Camera",
      "description": "GoPro HERO9 Black Action Camera",
      "category": 7,
      "count": 3,
      "image": "",
      "price": "0.03",
      "is_active": true,
      "created_at": "2023-05-18T14:24:19.556Z",
      "updated_at": "2023-05-18T14:24:19.557Z",
      "created_by": 1
    }
  },
  {
    "model": "catalog.product",
    "pk": 23,
    "fields": {
      "title": "DJI Pocket 2 Handheld Gimbal Camera",
      "description": "DJI Pocket 2 Handheld Gimbal Camera",
      "category": 7,
      "count": 2,
      "image": "",
      "price": "0.01",
      "is_active": true,
      "created_at": "2023-05-18T14:24:28.806Z",
      "updated_at": "2023-05-18T14:24:28.806Z",
      "created_by": 1
    }
  },
  {
    "model": "catalog.product",
    "pk": 24,
    "fields": {
      "title": "Samsung Family Hub French Door Refrigerator",
      "description": "Samsung Family Hub French Door Refrigerator",
      "category": 9,
      "count": 5,
      "image": "",
      "price": "0.03",
      "is_active": true,
      "created_at": "2023-05-18T14:25:36.397Z",
      "updated_at": "2023-05-18T14:25:36.397Z",
      "created_by": 1
    }
  },
  {
    "model": "catalog.product",
    "pk": 25,
    "fields": {
      "title": "LG InstaView Door-in-Door Refrigerator",
      "description": "LG InstaView Door-in-Door Refrigerator",
      "category": 9,
      "count": 3,
      "image": "",
      "price": "0.02",
      "is_active": true,
      "created_at": "2023-05-18T14:25:48.882Z",
      "updated_at": "2023-05-18T14:25:48.882Z",
      "created_by": 1
    }
  },
  {
    "model": "catalog.product",
    "pk": 26,
    "fields": {
      "title": "Whirlpool Side-by-Side Refrigerator",
      "description": "Whirlpool Side-by-Side Refrigerator",
      "category": 8,
      "count": 1,
      "image": "",
      "price": "0.01",
      "is_active": true,
      "created_at": "2023-05-18T14:25:58.382Z",
      "updated_at": "2023-05-18T14:25:58.382Z",
      "created_by": 1
    }
  },
  {
    "model": "catalog.product",
    "pk": 27,
    "fields": {
      "title": "Haier Compact Mini Fridge",
      "description": "Haier Compact Mini Fridge",
      "category": 9,
      "count": 2,
      "image": "",
      "price": "0.01",
      "is_active": true,
      "created_at": "2023-05-18T14:26:09.146Z",
      "updated_at": "2023-05-18T14:26:09.146Z",
      "created_by": 1
    }
  },
  {
    "model": "catalog.product",
    "pk": 28,
    "fields": {
      "title": "Bosch French Door Bottom Freezer Refrigerator",
      "description": "Bosch French Door Bottom Freezer Refrigerator",
      "category": 9,
      "count": 2,
      "image": "",
      "price": "400.00",
      "is_active": true,
      "created_at": "2023-05-18T14:40:50.611Z",
      "updated_at": "2023-05-18T14:40:50.611Z",
      "created_by": 1
    }
  },
  {
    "model": "catalog.product",
    "pk": 29,
    "fields": {
      "title": "LG Front Load Washer with TurboWash",
      "description": "LG Front Load Washer with TurboWash",
      "category": 10,
      "count": 2,
      "image": "",
      "price": "-45.00",
      "is_active": true,
      "created_at": "2023-05-18T14:41:05.249Z",
      "updated_at": "2023-05-18T14:41:05.249Z",
      "created_by": 1
    }
  },
  {
    "model": "catalog.product",
    "pk": 30,
    "fields": {
      "title": "Samsung Top Load Washer with Activewash",
      "description": "Samsung Top Load Washer with Activewash",
      "category": 10,
      "count": 9,
      "image": "",
      "price": "4567.00",
      "is_active": true,
      "created_at": "2023-05-18T14:41:34.795Z",
      "updated_at": "2023-05-18T14:41:34.795Z",
      "created_by": 1
    }
  },
  {
    "model": "catalog.product",
    "pk": 31,
    "fields": {
      "title": "Whirlpool Cabrio High-Efficiency Gas Dryer",
      "description": "Whirlpool Cabrio High-Efficiency Gas Dryer",
      "category": 10,
      "count": -4,
      "image": "",
      "price": "0.04",
      "is_active": true,
      "created_at": "2023-05-18T14:43:59.425Z",
      "updated_at": "2023-05-18T14:43:59.425Z",
      "created_by": 1
    }
  },
  {
    "model": "catalog.product",
    "pk": 32,
    "fields": {
      "title": "Maytag Electric Dryer with PowerDry",
      "description": "Maytag Electric Dryer with PowerDry",
      "category": 9,
      "count": 5,
      "image": "",
      "price": "-789.03",
      "is_active": true,
      "created_at": "2023-05-18T14:49:10.611Z",
      "updated_at": "2023-05-18T14:49:28.268Z",
      "created_by": 1
    }
  },
  {
    "model": "catalog.productattribute",
    "pk": 1,
    "fields": {
      "product": 30,
      "attribute": 1,
      "value": "White"
    }
  },
  {
    "model": "catalog.productattribute",
    "pk": 2,
    "fields": {
      "product": 9,
      "attribute": 1,
      "value": "White"
    }
  },
  {
    "model": "core.user",
    "pk": 1,
    "fields": {
      "password": "pbkdf2_sha256$600000$v01vtK6BTRp9kSaLXBx0RT$GDAYZoao3xaIsfzsq/MEtLd12Jwoju+1L+59SSfZjIQ=",
      "last_login": "2023-05-25T18:22:42.687Z",
      "is_superuser": true,
      "type": "seller",
      "email": "admin@admin.com",
      "phone": null,
      "is_staff": true,
      "is_active": true,
      "groups": [],
      "user_permissions": []
    }
  },
  {
    "model": "core.user",
    "pk": 2,
    "fields": {
      "password": "user",
      "last_login": null,
      "is_superuser": false,
      "type": "buyer",
      "email": "user@test.com",
      "phone": null,
      "is_staff": false,
      "is_active": true,
      "groups": [],
      "user_permissions": []
    }
  },
  {
    "model": "distribution.distributioncategory",
    "pk": 1,
    "fields": {
      "title": "Sales"
    }
  },
  {
    "model": "review.review",
    "pk": 2,
    "fields": {
      "product": 3,
      "user": 1,
      "rating": 5,
      "title": "Best potato in my life",
      "review_text": "Amazing",
      "created_at": "2023-05-18T06:48:14.370Z"
    }
  }
]
